{
  "booking_reference": {
    "precision": 0.0,
    "recall": 0.0,
    "f1-score": 0.0,
    "support": 3,
    "confused_with": {}
  },
  "movie_name": {
    "precision": 0.9655172413793104,
    "recall": 0.5714285714285714,
    "f1-score": 0.717948717948718,
    "support": 49,
    "confused_with": {}
  },
  "micro avg": {
    "precision": 0.9655172413793104,
    "recall": 0.5384615384615384,
    "f1-score": 0.691358024691358,
    "support": 52
  },
  "macro avg": {
    "precision": 0.4827586206896552,
    "recall": 0.2857142857142857,
    "f1-score": 0.358974358974359,
    "support": 52
  },
  "weighted avg": {
    "precision": 0.9098143236074271,
    "recall": 0.5384615384615384,
    "f1-score": 0.6765285996055227,
    "support": 52
  }
}