{
  "inquire_movie_times": {
    "precision": 1.0,
    "recall": 1.0,
    "f1-score": 1.0,
    "support": 6,
    "confused_with": {}
  },
  "affirm": {
    "precision": 0.5555555555555556,
    "recall": 0.6666666666666666,
    "f1-score": 0.606060606060606,
    "support": 30,
    "confused_with": {
      "greet": 4,
      "deny": 2
    }
  },
  "book_tickets": {
    "precision": 0.8055555555555556,
    "recall": 0.9666666666666667,
    "f1-score": 0.8787878787878789,
    "support": 30,
    "confused_with": {
      "stop": 1
    }
  },
  "deny": {
    "precision": 0.8518518518518519,
    "recall": 0.8846153846153846,
    "f1-score": 0.8679245283018868,
    "support": 26,
    "confused_with": {
      "affirm": 2,
      "stop": 1
    }
  },
  "greet": {
    "precision": 0.7931034482758621,
    "recall": 0.7666666666666667,
    "f1-score": 0.7796610169491527,
    "support": 30,
    "confused_with": {
      "affirm": 3,
      "stop": 2
    }
  },
  "collect_tickets": {
    "precision": 0.8333333333333334,
    "recall": 1.0,
    "f1-score": 0.9090909090909091,
    "support": 10,
    "confused_with": {}
  },
  "set_movie_time": {
    "precision": 0.8571428571428571,
    "recall": 1.0,
    "f1-score": 0.923076923076923,
    "support": 12,
    "confused_with": {}
  },
  "payment": {
    "precision": 0.8,
    "recall": 1.0,
    "f1-score": 0.888888888888889,
    "support": 8,
    "confused_with": {}
  },
  "booking_reference": {
    "precision": 1.0,
    "recall": 0.8,
    "f1-score": 0.888888888888889,
    "support": 5,
    "confused_with": {
      "goodbye": 1
    }
  },
  "no_tickets": {
    "precision": 0.8333333333333334,
    "recall": 0.7692307692307693,
    "f1-score": 0.8,
    "support": 13,
    "confused_with": {
      "set_movie_time": 2,
      "book_tickets": 1
    }
  },
  "stop": {
    "precision": 0.7586206896551724,
    "recall": 0.7333333333333333,
    "f1-score": 0.7457627118644068,
    "support": 30,
    "confused_with": {
      "affirm": 4,
      "book_tickets": 2
    }
  },
  "out_of_scope": {
    "precision": 1.0,
    "recall": 0.5714285714285714,
    "f1-score": 0.7272727272727273,
    "support": 7,
    "confused_with": {
      "payment": 1,
      "inform_movie": 1
    }
  },
  "goodbye": {
    "precision": 0.8181818181818182,
    "recall": 0.6206896551724138,
    "f1-score": 0.7058823529411765,
    "support": 29,
    "confused_with": {
      "affirm": 6,
      "deny": 2
    }
  },
  "inform_movie": {
    "precision": 0.6,
    "recall": 0.3,
    "f1-score": 0.4,
    "support": 10,
    "confused_with": {
      "book_tickets": 3,
      "stop": 1
    }
  },
  "accuracy": 0.7804878048780488,
  "macro avg": {
    "precision": 0.8219056030632386,
    "recall": 0.7913784081271766,
    "f1-score": 0.7943783880088174,
    "support": 246
  },
  "weighted avg": {
    "precision": 0.7850116231669357,
    "recall": 0.7804878048780488,
    "f1-score": 0.7746304438833388,
    "support": 246
  }
}