{
  "sort_code": {
    "precision": 0.6470588235294118,
    "recall": 1.0,
    "f1-score": 0.7857142857142858,
    "support": 11,
    "confused_with": {}
  },
  "movie_name": {
    "precision": 0.9698492462311558,
    "recall": 0.9039812646370023,
    "f1-score": 0.9357575757575758,
    "support": 854,
    "confused_with": {}
  },
  "booking_reference": {
    "precision": 1.0,
    "recall": 1.0,
    "f1-score": 1.0,
    "support": 72,
    "confused_with": {}
  },
  "card_num": {
    "precision": 0.8,
    "recall": 0.9230769230769231,
    "f1-score": 0.8571428571428571,
    "support": 13,
    "confused_with": {
      "cvv": 1
    }
  },
  "cvv": {
    "precision": 0.9444444444444444,
    "recall": 0.7727272727272727,
    "f1-score": 0.85,
    "support": 22,
    "confused_with": {
      "card_num": 2
    }
  },
  "micro avg": {
    "precision": 0.9629629629629629,
    "recall": 0.9094650205761317,
    "f1-score": 0.9354497354497353,
    "support": 972
  },
  "macro avg": {
    "precision": 0.8722705028410024,
    "recall": 0.9199570920882396,
    "f1-score": 0.8857229437229437,
    "support": 972
  },
  "weighted avg": {
    "precision": 0.9655830052654407,
    "recall": 0.9094650205761317,
    "f1-score": 0.9358258065665472,
    "support": 972
  }
}